{
	"$schema": "https://schemas.wp.org/trunk/theme.json",
	"version": 2,
	"title": "Blue Scheme",
	"settings": {
		"color": {
			"palette": [
				{
				  "color": "#000",
				  "name": "Foreground",
				  "slug": "foreground"
				},
				{
				  "color": "#fff",
				  "name": "Background",
				  "slug": "background"
				},
				{
				  "color": "#430baa",
				  "name": "Primary",
				  "slug": "primary"
				},
				{
				  "color": "#F2525A",
				  "name": "Secondary",
				  "slug": "secondary"
				},
				{
				  "color": "#fcf5f5",
				  "name": "Secondary Background",
				  "slug": "background-secondary"
				},
				{
				  "color": "#707376",
				  "name": "Body Text",
				  "slug": "body-text"
				},
				{
				  "color": "#222",
				  "name": "Text Link",
				  "slug": "text-link"
				},
				{
				  "color": "#777777",
				  "name": "Border",
				  "slug": "border"
				},
				{
				  "color": "#999999",
				  "name": "Tertiary",
				  "slug": "tertiary"
				},
				{
				  "color": "#eeeeee",
				  "name": "Input Field",
				  "slug": "input-field"
				},
				{
				  "color": "#777",
				  "name": "Boulder",
				  "slug": "boulder"
				},
				{
				  "color": "#7d6043",
				  "name": "coffee",
				  "slug": "coffee"
				},
				{
				  "color": "#25d6a2",
				  "name": "Cyan",
				  "slug": "cyan"
				},
				{
				  "color": "#0b1b43",
				  "name": "Dark Blue",
				  "slug": "dark-blue"
				},
				{
				  "color": "#30b4da",
				  "name": "Sky Blue",
				  "slug": "sky-blue"
				},
				{
				  "color": "#0fb36c",
				  "name": "Dark Green",
				  "slug": "dark-green"
				},
				{
				  "color": "#6ba518",
				  "name": "Lite Green",
				  "slug": "lite-green"
				},
				{
				  "color": "#c74a73",
				  "name": "Purple",
				  "slug": "purple"
				},
				{
				  "color": "#9261c6",
				  "name": "Dark Purple",
				  "slug": "dark-purple"
				},
				{
				  "color": "#f78550",
				  "name": "Orange",
				  "slug": "orange"
				},
				{
				  "color": "#f9556d",
				  "name": "Lite Red",
				  "slug": "lite-red"
				},
				{
				  "color": "#27808c",
				  "name": "Hexadecimal",
				  "slug": "hexadecimal"
				},
				{
				  "color": "#ff6b98",
				  "name": "Pink",
				  "slug": "pink"
				}
			  ]
		}
	}
}