{
	"$schema": "https://schemas.wp.org/trunk/theme.json",
	"title": "Odesa",
	"version": 2,
	"settings": {
		"color": {
			"duotone": [
				{
					"colors": ["#111111", "#ffffff"],
					"slug": "foreground-and-background",
					"name": "Foreground and background"
				},
				{
					"colors": ["#ffffff", "#063483"],
					"slug": "background-and-primary",
					"name": "Background and primary"
				},
				{
					"colors": ["#ffffff", "#F8D648"],
					"slug": "background-and-secondary",
					"name": "Background and secondary"
				},
				{
					"colors": ["#063483", "#F8D648"],
					"slug": "primary-and-secondary",
					"name": "Primary and secondary"
				}
			],
			"palette": [
				{
					"slug": "foreground",
					"color": "#111111",
					"name": "Foreground"
				},
				{
					"slug": "background",
					"color": "#ffffff",
					"name": "Background"
				},
				{
					"slug": "primary",
					"color": "#063483",
					"name": "Primary"
				},
				{
					"slug": "secondary",
					"color": "#F8D648",
					"name": "Secondary"
				},
				{
					"slug": "tertiary",
					"color": "#f2f2f3",
					"name": "Tertiary"
				}
			]
		},
		"typography": {
			"fontFamilies": [
				{
					"fontFamily": "\"Inter\", sans-serif",
					"name": "Inter",
					"slug": "body",
					"fontFace": [
						{
							"fontDisplay": "block",
							"fontFamily": "Inter",
							"fontStretch": "normal",
							"fontStyle": "normal",
							"fontWeight": "100 900",
							"src": [
								"file:./assets/fonts/Inter/Inter-VariableFont_slnt,wght.woff2"
							]
						}
					]
				},
				{
					"fontFamily": "\"Roboto Flex\", sans-serif",
					"name": "Roboto Flex",
					"slug": "heading",
					"fontFace": [
						{
							"fontDisplay": "block",
							"fontFamily": "Roboto Flex",
							"fontStretch": "normal",
							"fontStyle": "normal",
							"fontWeight": "100 900",
							"src": [
								"file:./assets/fonts/RobotoFlex/RobotoFlex-VariableFont_GRAD,XTRA,YOPQ,YTAS,YTDE,YTFI,YTLC,YTUC,opsz,slnt,wdth,wght.woff2"
							]
						}
					]
				}
			]
		}
	},
	"styles": {
		"blocks": {
			"core/comments-title": {
				"typography": {
					"fontWeight": "var(--wp--custom--typography--font-weight--semi-bold)"
				}
			},
			"core/pullquote": {
				"border": {
					"color": "var(--wp--preset--color--primary)",
					"style": "double none double none",
					"width": "7px"
				}
			},
			"core/query-pagination-next": {
				"typography": {
					"fontWeight": "var(--wp--custom--typography--font-weight--semi-bold)"
				}
			},
			"core/query-pagination-numbers": {
				"typography": {
					"fontWeight": "var(--wp--custom--typography--font-weight--semi-bold)"
				}
			},
			"core/query-pagination-previous": {
				"typography": {
					"fontWeight": "var(--wp--custom--typography--font-weight--semi-bold)"
				}
			},
			"core/quote": {
				"border": {
					"style": "none none none double",
					"width": "0 0 0 5px"
				}
			},
			"core/separator": {
				"color": {
					"text": "var(--wp--preset--color--tertiary)"
				}
			},
			"core/site-title": {
				"typography": {
					"fontWeight": "var(--wp--custom--typography--font-weight--medium)",
					"letterSpacing": "0.02em"
				}
			}
		},
		"elements": {
			"h1": {
				"typography": {
					"fontWeight": "var(--wp--custom--typography--font-weight--semi-bold)",
					"letterSpacing": "-0.01em"
				}
			},
			"h2": {
				"typography": {
					"fontWeight": "var(--wp--custom--typography--font-weight--semi-bold)"
				}
			},
			"h3": {
				"typography": {
					"fontWeight": "var(--wp--custom--typography--font-weight--semi-bold)"
				}
			},
			"h4": {
				"typography": {
					"fontWeight": "var(--wp--custom--typography--font-weight--semi-bold)",
					"letterSpacing": "0.01em"
				}
			},
			"h5": {
				"typography": {
					"fontWeight": "var(--wp--custom--typography--font-weight--bold)",
					"letterSpacing": "0.01em",
					"textTransform": "normal"
				}
			},
			"h6": {
				"typography": {
					"fontWeight": "var(--wp--custom--typography--font-weight--black)",
					"letterSpacing": "0.02em"
				}
			}
		}
	}
}
