{
	"$schema": "https://schemas.wp.org/trunk/theme.json",
	"title": "Santa Fe",
	"version": 2,
	"settings": {
		"color": {
			"duotone": [
				{
					"colors": ["#111111", "#ffffff"],
					"slug": "foreground-and-background",
					"name": "Foreground and background"
				},
				{
					"colors": ["#ffffff", "#1f033b"],
					"slug": "background-and-primary",
					"name": "Background and primary"
				},
				{
					"colors": ["#1f033b", "#d5dce3"],
					"slug": "primary-and-secondary",
					"name": "Primary and secondary"
				},
				{
					"colors": ["#1f033b", "#f0ede4"],
					"slug": "primary-and-tertiary",
					"name": "Primary and tertiary"
				}
			],
			"palette": [
				{
					"slug": "foreground",
					"color": "#111111",
					"name": "Foreground"
				},
				{
					"slug": "background",
					"color": "#ffffff",
					"name": "Background"
				},
				{
					"slug": "primary",
					"color": "#1f033b",
					"name": "Primary"
				},
				{
					"slug": "secondary",
					"color": "#d5dce3",
					"name": "Secondary"
				},
				{
					"slug": "tertiary",
					"color": "#f0ede4",
					"name": "Tertiary"
				}
			]
		},
		"custom": {
			"typography": {
				"fontSmoothing": {
					"moz": "auto",
					"webkit": "auto"
				}
			}
		},
		"typography": {
			"fontFamilies": [
				{
					"fontFamily": "\"Radio Canada\", sans-serif",
					"name": "Body (Radio Canada)",
					"slug": "body",
					"fontFace": [
						{
							"fontDisplay": "block",
							"fontFamily": "Radio Canada",
							"fontStretch": "normal",
							"fontStyle": "normal",
							"fontWeight": "300 700",
							"src": [
								"file:./assets/fonts/RadioCanada/RadioCanada-VariableFont_wdth,wght.woff2"
							]
						}
					]
				},
				{
					"fontFamily": "\"Noto Serif Display\", serif",
					"name": "Headings (Noto Serif Display)",
					"slug": "heading",
					"fontFace": [
						{
							"fontDisplay": "block",
							"fontFamily": "Noto Serif Display",
							"fontStretch": "normal",
							"fontStyle": "normal",
							"fontWeight": "100 900",
							"src": [
								"file:./assets/fonts/NotoSerifDisplay/NotoSerifDisplay-VariableFont_wdth,wght.woff2"
							]
						}
					]
				}
			]
		}
	},
	"styles": {
		"blocks": {
			"core/pullquote": {
				"border": {
					"color": "var(--wp--preset--color--primary)",
					"width": "2px 0"
				}
			},
			"core/quote": {
				"border": {
					"width": "0 0 0 2px"
				}
			},
			"core/site-title": {
				"typography": {
					"fontWeight": "var(--wp--custom--typography--font-weight--medium)",
					"letterSpacing": "-0.02em"
				}
			}
		},
		"elements": {
			"h1": {
				"typography": {
					"fontWeight": "var(--wp--custom--typography--font-weight--medium)",
					"letterSpacing": "0"
				}
			},
			"h2": {
				"typography": {
					"fontWeight": "var(--wp--custom--typography--font-weight--medium)",
					"letterSpacing": "-0.01em"
				}
			},
			"h3": {
				"typography": {
					"fontWeight": "var(--wp--custom--typography--font-weight--medium)"
				}
			},
			"h4": {
				"typography": {
					"fontWeight": "var(--wp--custom--typography--font-weight--medium)"
				}
			},
			"h6": {
				"typography": {
					"fontWeight": "var(--wp--custom--typography--font-weight--bold)"
				}
			}
		}
	}
}
