{
	"$schema": "https://schemas.wp.org/trunk/theme.json",
	"title": "Tokyo",
	"version": 2,
	"settings": {
		"color": {
			"duotone": [
				{
					"colors": ["#d61935", "#e3f2f2"],
					"slug": "primary-and-secondary",
					"name": "Primary and secondary"
				},
				{
					"colors": ["#d61935", "#ffeae6"],
					"slug": "primary-and-tertiary",
					"name": "Primary and tertiary"
				},
				{
					"colors": ["#e3f2f2", "#d61935"],
					"slug": "secondary-and-primary",
					"name": "Secondary and primary"
				},
				{
					"colors": ["#010101", "#ffffff"],
					"slug": "foreground-and-background",
					"name": "Foreground and background"
				}
			],
			"palette": [
				{
					"slug": "foreground",
					"color": "#010101",
					"name": "Foreground"
				},
				{
					"slug": "background",
					"color": "#ffffff",
					"name": "Background"
				},
				{
					"slug": "primary",
					"color": "#d61935",
					"name": "Primary"
				},
				{
					"slug": "secondary",
					"color": "#e3f2f2",
					"name": "Secondary"
				},
				{
					"slug": "tertiary",
					"color": "#ffeae6",
					"name": "Tertiary"
				}
			]
		},
		"custom": {
			"typography": {
				"fontSmoothing": {
					"moz": "auto",
					"webkit": "auto"
				}
			}
		},
		"typography": {
			"fontFamilies": [
				{
					"fontFamily": "\"Inter\", sans-serif",
					"name": "Inter",
					"slug": "body",
					"fontFace": [
						{
							"fontDisplay": "block",
							"fontFamily": "Inter",
							"fontStretch": "normal",
							"fontStyle": "normal",
							"fontWeight": "100 900",
							"src": [
								"file:./assets/fonts/Inter/Inter-VariableFont_slnt,wght.woff2"
							]
						}
					]
				},
				{
					"fontFamily": "\"Koulen\", sans-serif",
					"name": "Koulen",
					"slug": "heading",
					"fontFace": [
						{
							"fontDisplay": "block",
							"fontFamily": "Koulen",
							"fontStretch": "normal",
							"fontStyle": "normal",
							"fontWeight": "400",
							"src": ["file:./assets/fonts/Koulen/Koulen-Regular.woff2"]
						}
					]
				}
			]
		}
	},
	"styles": {
		"blocks": {
			"core/comments-title": {
				"typography": {
					"fontWeight": "var(--wp--custom--typography--font-weight--regular)",
					"letterSpacing": "0.03em"
				}
			},
			"core/pullquote": {
				"border": {
					"color": "var(--wp--preset--color--primary)"
				}
			},
			"core/site-title": {
				"typography": {
					"fontWeight": "var(--wp--custom--typography--font-weight--regular)",
					"letterSpacing": "0.02em"
				}
			}
		},
		"elements": {
			"h1": {
				"typography": {
					"fontWeight": "var(--wp--custom--typography--font-weight--regular)"
				}
			},
			"h2": {
				"typography": {
					"fontWeight": "var(--wp--custom--typography--font-weight--regular)",
					"letterSpacing": "0.01em"
				}
			},
			"h3": {
				"typography": {
					"fontWeight": "var(--wp--custom--typography--font-weight--regular)",
					"letterSpacing": "0.02em"
				}
			},
			"h4": {
				"typography": {
					"fontWeight": "var(--wp--custom--typography--font-weight--regular)",
					"letterSpacing": "0.03em"
				}
			},
			"h5": {
				"typography": {
					"fontWeight": "var(--wp--custom--typography--font-weight--regular)",
					"letterSpacing": "0.05em"
				}
			},
			"h6": {
				"typography": {
					"fontWeight": "var(--wp--custom--typography--font-weight--regular)",
					"letterSpacing": "0.05em"
				}
			}
		}
	}
}
