{"Playfair Display":{"category":"serif","variants":{"normal":{"400":{"local":[]},"500":{"local":[]},"600":{"local":[]},"700":{"local":[]},"800":{"local":[]},"900":{"local":[]}}}},"Heebo":{"category":"sans-serif","variants":{"normal":{"100":{"local":[]},"200":{"local":[]},"300":{"local":[]},"400":{"local":[]},"500":{"local":[]},"600":{"local":[]},"700":{"local":[]},"800":{"local":[]},"900":{"local":[]}}}},"Public Sans":{"category":"sans-serif","variants":{"normal":{"100":{"local":[]},"200":{"local":[]},"300":{"local":[]},"400":{"local":[]},"500":{"local":[]},"600":{"local":[]},"700":{"local":[]},"800":{"local":[]},"900":{"local":[]}}}},"Audiowide":{"category":"display","variants":{"normal":{"400":{"local":["'Audiowide Regular'","'Audiowide-Regular'"]}}}},"Encode Sans Condensed":{"category":"sans-serif","variants":{"normal":{"100":{"local":["'Encode Sans Condensed Thin'","'EncodeSansCondensed-Thin'"]},"200":{"local":["'Encode Sans Condensed ExtraLight'","'EncodeSansCondensed-ExtraLight'"]},"300":{"local":["'Encode Sans Condensed Light'","'EncodeSansCondensed-Light'"]},"400":{"local":["'Encode Sans Condensed Regular'","'EncodeSansCondensed-Regular'"]},"500":{"local":["'Encode Sans Condensed Medium'","'EncodeSansCondensed-Medium'"]},"600":{"local":["'Encode Sans Condensed SemiBold'","'EncodeSansCondensed-SemiBold'"]},"700":{"local":["'Encode Sans Condensed Bold'","'EncodeSansCondensed-Bold'"]},"800":{"local":["'Encode Sans Condensed ExtraBold'","'EncodeSansCondensed-ExtraBold'"]},"900":{"local":["'Encode Sans Condensed Black'","'EncodeSansCondensed-Black'"]}}}}}